1,4,10,2,20,U,1,53
2,4,10,2,20,S,1,76,0,1,1,1
3,4,10,2,20,U,1,68
4,4,10,2,20,S,1,15,1,0,0,0
5,4,10,2,20,S,1,16,0,0,1,1
6,4,10,2,20,S,1,43,1,1,0,1
7,4,10,2,20,S,1,10,0,0,0,-1
8,4,10,2,20,U,1,24
9,4,10,2,20,U,1,54
10,4,10,2,20,U,1,49
11,8,16,2,32,U,1,343
12,8,16,2,32,U,1,764
13,8,16,2,32,S,1,209,1,0,0,0,1,-1,1,0
14,8,16,2,32,S,1,312,0,1,0,-1,1,1,1,1
15,8,16,2,32,U,1,454
16,8,16,2,32,U,1,711
17,8,16,2,32,S,1,47,1,0,0,0,0,0,1,0
18,8,16,2,32,U,1,66
19,8,16,2,32,S,1,309,0,1,0,0,-1,1,1,0
20,8,16,2,32,S,1,131,1,0,1,0,1,1,1,1
21,12,24,2,48,S,1,1174,0,0,0,1,1,0,1,0,1,1,0,1
22,12,24,2,48,S,1,315,0,0,0,0,0,0,0,1,1,1,0,0
23,12,24,2,48,U,1,6699
24,12,24,2,48,U,1,1379
25,12,24,2,48,S,1,1808,1,0,1,1,-1,0,1,1,0,0,0,-1
26,12,24,2,48,U,1,3357
27,12,24,2,48,U,1,2618
28,12,24,2,48,S,1,1862,1,0,1,0,1,0,0,-1,0,1,1,1
29,12,24,2,48,U,1,6949
30,12,24,2,48,S,1,8932,0,0,1,1,0,1,1,1,1,1,1,0
31,16,32,2,64,S,1,88313,0,0,0,1,0,1,1,0,1,0,0,1,1,-1,0,0
32,16,32,2,64,U,1,34928
33,16,32,2,64,S,1,15152,0,1,0,1,0,1,0,1,1,0,0,1,1,1,1,1
34,16,32,2,64,S,1,27638,-1,1,0,1,1,0,0,0,0,1,-1,1,1,0,1,1
35,16,32,2,64,U,1,3937
36,16,32,2,64,S,1,113529,1,1,0,1,0,0,-1,1,0,1,0,1,0,1,1,1
37,16,32,2,64,U,1,96658
38,16,32,2,64,U,1,252704
39,16,32,2,64,S,1,62946,1,0,1,1,0,0,1,0,0,0,1,1,0,0,1,0
40,16,32,2,64,U,1,31943
41,18,36,2,72,U,1,342772
42,18,36,2,72,U,1,83130
43,18,36,2,72,U,1,72493
44,18,36,2,72,U,1,201306
45,18,36,2,72,U,1,115890
46,18,36,2,72,U,1,200877
47,18,36,2,72,U,1,110538
48,18,36,2,72,S,1,103930,1,1,1,0,1,0,0,0,0,-1,0,-1,1,0,1,0,-1,-1
49,18,36,2,72,U,1,227015
50,18,36,2,72,S,1,221689,0,-1,1,1,0,0,0,0,1,0,1,0,0,0,0,0,0,0
51,20,40,2,80,U,1,148292
52,20,40,2,80,U,1,257818
53,20,40,2,80,S,1,30280,-1,0,1,0,0,1,1,0,0,0,0,0,1,0,1,0,1,0,-1,1
54,20,40,2,80,U,1,543003
55,20,40,2,80,U,1,1080769
56,20,40,2,80,U,1,285552
57,20,40,2,80,U,1,400832
58,20,40,2,80,S,1,48544,1,1,0,0,0,1,0,-1,0,0,0,1,0,-1,1,1,0,1,1,0
59,20,40,2,80,U,1,1329481
60,20,40,2,80,S,1,347993,0,0,0,0,1,0,0,0,0,0,0,1,0,0,0,0,0,1,0,0
61,22,44,2,88,S,1,908418,1,0,1,1,1,0,1,0,1,0,1,0,1,0,0,0,0,0,1,1,0,0
62,22,44,2,88,U,1,1273981
63,22,44,2,88,U,1,940208
64,22,44,2,88,U,1,888354
65,22,44,2,88,U,1,1086398
66,22,44,2,88,U,1,1061292
67,22,44,2,88,U,1,13970168
68,22,44,2,88,U,1,6491573
69,22,44,2,88,U,1,1683556
70,22,44,2,88,U,1,308859
71,24,48,2,96,S,1,15888736,0,0,1,1,0,-1,1,1,1,0,0,0,0,1,0,1,0,1,1,0,0,0,0,0
72,24,48,2,96,U,1,16126876
73,24,48,2,96,U,1,1068014
74,24,48,2,96,S,1,615059,0,1,1,1,0,1,0,1,-1,0,0,-1,-1,1,0,0,0,0,1,0,1,0,1,1
75,24,48,2,96,U,1,7747127
76,24,48,2,96,U,1,63296852
77,24,48,2,96,U,1,25508072
78,24,48,2,96,U,1,12291384
79,24,48,2,96,U,1,1047738
80,24,48,2,96,S,1,1830795,1,1,0,0,1,0,1,0,0,1,1,1,1,1,1,1,0,1,1,1,0,-1,0,1
81,4,20,3,60,U,1,131
82,4,20,3,60,S,1,37,1,0,0,0
83,4,20,3,60,S,1,36,0,1,1,0
84,4,20,3,60,S,1,90,1,1,1,0
85,4,20,3,60,U,1,116
86,4,20,3,60,S,1,95,1,1,0,1
87,4,20,3,60,U,1,94
88,4,20,3,60,U,1,101
89,4,20,3,60,U,1,124
90,4,20,3,60,S,1,49,1,0,1,0
91,8,40,3,120,S,1,925,-1,1,1,1,1,0,0,1
92,8,40,3,120,S,1,87,1,0,0,1,0,0,0,0
93,8,40,3,120,S,1,240,1,0,0,1,0,1,1,0
94,8,40,3,120,U,1,2066
95,8,40,3,120,U,1,1379
96,8,40,3,120,U,1,1440
97,8,40,3,120,U,1,1181
98,8,40,3,120,U,1,1461
99,8,40,3,120,U,1,707
100,8,40,3,120,U,1,1098
101,12,60,3,180,U,1,22349
102,12,60,3,180,S,1,1852,-1,-1,0,1,0,1,0,0,0,0,0,0
103,12,60,3,180,U,1,19350
104,12,60,3,180,S,1,138,1,0,0,0,0,0,0,0,0,0,0,0
105,12,60,3,180,U,1,11151
106,12,60,3,180,U,1,23849
107,12,60,3,180,U,1,14549
108,12,60,3,180,U,1,21261
109,12,60,3,180,S,1,6471,1,0,0,0,0,0,0,0,-1,1,0,0
110,12,60,3,180,U,1,20952
111,16,80,3,240,U,1,296821
112,16,80,3,240,S,1,64541,0,1,1,1,0,1,1,1,0,1,0,1,0,1,1,1
113,16,80,3,240,U,1,325689
114,16,80,3,240,U,1,216132
115,16,80,3,240,U,1,250335
116,16,80,3,240,U,1,279189
117,16,80,3,240,U,1,364338
118,16,80,3,240,U,1,198705
119,16,80,3,240,U,1,231039
120,16,80,3,240,S,1,148092,0,0,0,1,0,0,1,0,0,1,1,1,1,0,1,1
121,18,90,3,270,U,1,804871
122,18,90,3,270,U,1,913640
123,18,90,3,270,U,1,1095165
124,18,90,3,270,U,1,1440381
125,18,90,3,270,U,1,524656
126,18,90,3,270,S,1,662062,0,1,1,0,1,1,1,1,1,0,0,0,1,0,0,0,1,0
127,18,90,3,270,S,1,164791,0,0,0,1,0,0,0,0,0,0,0,1,0,0,0,0,0,1
128,18,90,3,270,S,1,1596148,1,0,0,1,1,0,1,1,0,0,0,0,1,1,0,1,1,1
129,18,90,3,270,U,1,533107
130,18,90,3,270,S,1,131896,0,1,1,1,1,0,1,1,1,0,1,0,0,0,1,0,1,0
131,20,100,3,300,S,1,1254604,1,1,0,0,1,0,0,1,1,0,1,1,0,0,0,1,1,1,0,1
132,20,100,3,300,U,1,4411468
133,20,100,3,300,S,1,821086,1,0,0,0,1,1,0,1,1,0,0,0,1,1,0,1,0,0,0,0
134,20,100,3,300,U,1,3489648
135,20,100,3,300,S,1,2256477,1,1,0,1,1,1,0,1,1,1,1,0,0,0,0,0,1,1,0,1
136,20,100,3,300,U,1,2733955
137,20,100,3,300,U,1,3738493
138,20,100,3,300,S,1,1737219,1,0,0,1,0,0,0,0,1,0,1,0,1,1,1,1,1,1,1,1
139,20,100,3,300,U,1,2888571
140,20,100,3,300,U,1,2423498
141,22,110,3,330,S,1,1419401,1,1,1,0,0,1,0,0,1,1,1,0,0,0,0,0,0,1,0,0,0,1
142,22,110,3,330,S,1,1467211,1,0,0,1,0,1,0,1,0,1,0,0,0,1,0,0,0,1,1,0,1,1
143,22,110,3,330,U,1,13699990
144,22,110,3,330,U,1,11173474
145,22,110,3,330,U,1,14827096
146,22,110,3,330,U,1,15915957
147,22,110,3,330,U,1,13467485
148,22,110,3,330,U,1,6064547
149,22,110,3,330,S,1,11809068,1,1,0,0,1,1,0,0,0,1,1,0,0,1,0,1,1,1,0,0,0,0
150,22,110,3,330,S,1,5649404,0,0,1,0,0,1,0,1,0,0,1,1,1,1,0,1,0,1,0,0,0,0
151,24,120,3,360,U,1,50808064
152,24,120,3,360,U,1,29782982
153,24,120,3,360,U,1,85530823
154,24,120,3,360,U,1,6517354
155,24,120,3,360,U,1,46313562
156,24,120,3,360,U,1,31188228
157,24,120,3,360,U,1,24502728
158,24,120,3,360,U,1,74922555
159,24,120,3,360,U,1,80111017
160,24,120,3,360,U,1,48075609
161,4,40,4,160,S,1,119,1,1,1,0
162,4,40,4,160,U,1,112
163,4,40,4,160,U,1,124
164,4,40,4,160,S,1,74,0,1,0,1
165,4,40,4,160,S,1,224,1,1,0,1
166,4,40,4,160,S,1,94,0,0,0,1
167,4,40,4,160,S,1,163,0,0,1,0
168,4,40,4,160,S,1,242,1,1,0,0
169,4,40,4,160,S,1,196,1,1,1,1
170,4,40,4,160,S,1,113,0,1,0,0
171,8,80,4,320,S,1,2701,0,1,1,0,1,1,1,0
172,8,80,4,320,S,1,551,1,0,1,0,0,0,0,0
173,8,80,4,320,S,1,409,0,0,1,0,1,0,1,0
174,8,80,4,320,S,1,1188,1,0,1,1,0,1,0,0
175,8,80,4,320,S,1,152,1,1,0,0,0,0,0,0
176,8,80,4,320,U,1,3536
177,8,80,4,320,U,1,2413
178,8,80,4,320,S,1,3117,1,1,1,1,1,0,1,1
179,8,80,4,320,U,1,3150
180,8,80,4,320,U,1,3223
181,12,120,4,480,S,1,13366,1,1,0,1,1,1,0,0,0,1,0,1
182,12,120,4,480,S,1,28182,0,1,1,1,0,0,0,0,1,1,0,1
183,12,120,4,480,S,1,2550,0,1,1,0,0,0,1,-1,1,1,0,0
184,12,120,4,480,U,1,48608
185,12,120,4,480,S,1,12973,0,0,1,0,0,0,0,1,0,1,0,1
186,12,120,4,480,S,1,165,0,0,0,1,0,1,0,0,0,0,1,0
187,12,120,4,480,U,1,19008
188,12,120,4,480,U,1,41684
189,12,120,4,480,U,1,43041
190,12,120,4,480,U,1,25403
191,16,160,4,640,S,1,177194,0,1,0,1,1,0,1,0,1,1,0,0,1,1,1,0
192,16,160,4,640,U,1,407170
193,16,160,4,640,U,1,633927
194,16,160,4,640,S,1,65126,0,1,1,1,0,1,0,0,0,1,0,0,0,0,1,0
195,16,160,4,640,S,1,187277,1,0,1,1,1,1,1,1,1,1,0,1,0,0,0,1
196,16,160,4,640,U,1,513857
197,16,160,4,640,U,1,648038
198,16,160,4,640,U,1,452906
199,16,160,4,640,S,1,222253,0,1,0,0,1,0,1,1,0,1,1,1,1,0,1,0
200,16,160,4,640,S,1,18272,0,0,1,0,1,0,0,1,0,0,0,0,0,0,0,0
201,18,180,4,720,S,1,1147757,1,0,0,1,0,0,0,0,1,1,1,0,1,1,0,1,0,0
202,18,180,4,720,U,1,3246386
203,18,180,4,720,S,1,597453,0,0,0,0,0,1,0,1,1,0,0,0,0,0,0,1,1,1
204,18,180,4,720,U,1,2152767
205,18,180,4,720,U,1,2666946
206,18,180,4,720,S,1,884083,1,0,1,0,0,0,1,0,1,1,1,0,0,0,1,0,1,0
207,18,180,4,720,U,1,1921990
208,18,180,4,720,S,1,1235242,0,0,0,0,1,1,0,1,0,1,0,0,0,0,1,1,1,0
209,18,180,4,720,U,1,1796129
210,18,180,4,720,U,1,1932980
211,20,200,4,800,S,1,10694927,0,1,1,0,0,1,0,0,0,1,1,1,1,0,1,0,1,1,1,0
212,20,200,4,800,U,1,10018645
213,20,200,4,800,S,1,1417461,1,1,1,1,1,1,0,0,0,0,1,0,0,1,0,1,1,0,1,1
214,20,200,4,800,S,1,330211,0,0,0,0,0,0,1,1,0,0,1,0,1,0,1,0,0,1,1,0
215,20,200,4,800,U,1,6699401
216,20,200,4,800,U,1,6949937
217,20,200,4,800,S,1,2097584,0,0,0,0,0,1,0,0,1,1,1,0,1,0,0,1,0,0,0,0
218,20,200,4,800,U,1,7798432
219,20,200,4,800,S,1,2307471,0,0,1,0,1,0,0,1,0,0,1,1,1,0,1,0,1,0,1,0
220,20,200,4,800,U,1,11772662
221,22,220,4,880,U,1,20776098
222,22,220,4,880,U,1,41713469
223,22,220,4,880,S,1,438102,0,1,0,0,0,0,1,1,1,1,0,0,0,0,1,0,0,1,1,1,1,0
224,22,220,4,880,U,1,25290507
225,22,220,4,880,S,1,6113813,1,0,1,0,0,0,0,0,0,0,1,1,1,1,1,1,0,1,1,1,1,1
226,22,220,4,880,U,1,41689843
227,22,220,4,880,S,1,6514087,0,1,0,0,0,1,0,1,0,1,0,0,1,1,1,0,1,0,1,0,1,0
228,22,220,4,880,U,1,29617278
229,22,220,4,880,S,1,11148488,1,0,0,1,0,0,0,0,0,1,0,0,0,1,0,1,1,0,0,0,1,1
230,22,220,4,880,U,1,30334872
231,24,240,4,960,U,1,160992695
232,24,240,4,960,S,1,86640840,1,1,1,0,-1,0,0,1,0,1,1,0,1,0,0,0,1,1,0,1,1,0,1,0
233,24,240,4,960,U,1,113590298
234,24,240,4,960,S,1,20721737,1,1,0,0,0,0,1,1,1,0,0,1,1,0,0,0,1,0,0,0,1,0,1,0
235,24,240,4,960,S,1,66210743,1,0,0,1,0,1,0,1,0,1,1,1,0,0,1,0,1,1,0,1,0,0,0,1
236,24,240,4,960,U,1,56369537
237,24,240,4,960,S,1,31608931,1,1,1,1,0,1,0,1,0,1,-1,1,1,0,0,1,1,0,0,0,1,0,1,0
238,24,240,4,960,S,1,19033291,0,1,1,1,1,0,0,1,0,1,1,0,1,0,1,0,0,1,0,1,-1,0,0,1
239,24,240,4,960,U,1,122775615
240,24,240,4,960,S,1,13295872,0,0,0,1,0,1,0,1,0,0,0,0,1,1,1,1,1,1,1,0,1,1,1,0
241,4,40,5,200,S,1,54,0,1,0,1
242,4,40,5,200,S,1,34,0,0,0,0
243,4,40,5,200,S,1,185,1,1,1,0
244,4,40,5,200,S,1,30,0,0,0,0
245,4,40,5,200,S,1,39,0,1,0,0
246,4,40,5,200,S,1,38,0,0,0,0
247,4,40,5,200,S,1,77,0,0,1,0
248,4,40,5,200,S,1,194,1,1,1,1
249,4,40,5,200,S,1,93,0,1,1,0
250,4,40,5,200,S,1,26,0,0,0,0
251,8,80,5,400,S,1,225,1,0,1,0,0,0,1,0
252,8,80,5,400,S,1,603,0,0,0,1,1,1,1,0
253,8,80,5,400,S,1,477,1,0,0,1,0,0,0,1
254,8,80,5,400,S,1,260,1,0,0,0,1,0,1,0
255,8,80,5,400,S,1,321,0,0,0,1,0,1,0,0
256,8,80,5,400,S,1,1133,1,0,0,0,0,0,0,1
257,8,80,5,400,S,1,103,-1,0,1,0,0,1,0,0
258,8,80,5,400,S,1,788,0,1,0,1,0,0,0,1
259,8,80,5,400,S,1,386,0,1,0,0,1,0,0,1
260,8,80,5,400,S,1,352,-1,0,0,0,0,0,0,1
261,12,120,5,600,S,1,365,1,0,0,0,0,0,1,0,0,0,0,1
262,12,120,5,600,S,1,2040,0,0,0,1,0,0,0,1,0,0,1,0
263,12,120,5,600,S,1,192,0,0,0,0,0,0,0,0,0,1,0,0
264,12,120,5,600,S,1,3432,0,0,1,1,0,0,0,0,0,1,0,0
265,12,120,5,600,S,1,3757,0,1,0,0,1,0,0,1,1,0,1,1
266,12,120,5,600,S,1,666,1,0,0,0,1,0,1,0,0,0,0,1
267,12,120,5,600,S,1,1292,1,0,1,0,0,0,1,0,0,0,1,1
268,12,120,5,600,S,1,3447,0,0,0,0,0,1,0,1,1,0,0,0
269,12,120,5,600,S,1,160,0,0,0,1,0,0,0,0,0,0,0,0
270,12,120,5,600,S,1,1374,0,0,0,1,1,1,0,0,0,0,0,1
271,16,160,5,800,S,1,670,1,0,0,0,1,0,1,0,0,0,0,0,0,0,0,0
272,16,160,5,800,S,1,33671,0,1,0,0,1,1,0,0,0,0,0,0,0,1,0,0
273,16,160,5,800,S,1,62890,1,0,0,0,0,-1,1,1,0,0,0,0,0,0,1,1
274,16,160,5,800,S,1,27864,1,1,0,0,0,1,1,0,0,0,0,0,0,0,1,1
275,16,160,5,800,S,1,676,0,0,0,1,0,0,0,0,0,1,0,1,0,0,1,0
276,16,160,5,800,S,1,4870,1,0,0,0,0,0,0,0,0,0,0,0,0,1,1,0
277,16,160,5,800,S,1,12825,0,0,0,0,0,0,1,0,1,1,0,0,0,0,0,0
278,16,160,5,800,S,1,17081,0,0,0,0,0,0,0,0,-1,0,1,1,1,0,0,0
279,16,160,5,800,S,1,3902,0,1,1,0,0,1,0,0,1,0,0,1,0,1,0,0
280,16,160,5,800,S,1,2510,0,0,1,-1,0,1,1,0,1,1,0,0,0,0,0,0
281,18,180,5,900,S,1,3421,0,1,1,0,0,0,0,0,0,0,1,0,0,0,0,0,1,0
282,18,180,5,900,S,1,59195,0,1,0,0,0,1,1,-1,1,0,0,1,0,1,1,0,0,0
283,18,180,5,900,S,1,121791,0,0,1,1,0,0,0,0,0,0,0,0,1,0,1,0,1,0
284,18,180,5,900,S,1,62649,0,1,0,0,0,0,0,0,0,1,1,0,0,0,1,1,1,1
285,18,180,5,900,S,1,177248,1,1,0,0,0,1,0,0,1,0,0,0,0,0,0,1,1,1
286,18,180,5,900,S,1,1857,0,0,0,0,0,0,1,0,1,1,0,0,0,0,0,1,0,0
287,18,180,5,900,S,1,13264,0,0,0,0,0,1,0,0,0,1,0,0,1,1,0,0,0,1
288,18,180,5,900,S,1,25015,0,0,0,0,0,0,0,1,1,0,0,0,1,0,0,0,1,1
289,18,180,5,900,S,1,60763,1,0,0,1,0,0,0,1,0,1,1,1,0,0,0,1,0,0
290,18,180,5,900,S,1,14944,0,0,0,0,1,1,0,0,0,0,0,0,0,1,0,0,0,0
291,20,200,5,1000,S,1,334162,1,0,0,0,0,0,0,0,0,0,0,1,0,1,0,0,1,1,0,1
292,20,200,5,1000,S,1,622720,1,0,1,1,0,0,1,1,0,0,0,0,1,0,1,0,1,0,0,0
293,20,200,5,1000,S,1,73996,1,0,0,0,0,1,1,0,1,0,0,1,0,-1,0,0,1,0,0,0
294,20,200,5,1000,S,1,590939,0,1,1,0,0,-1,0,0,0,0,0,0,1,0,0,1,0,0,0,0
295,20,200,5,1000,S,1,43206,0,0,1,0,1,0,0,1,0,1,1,0,1,1,0,0,1,0,0,0
296,20,200,5,1000,S,1,53638,1,0,0,0,1,0,0,1,0,1,0,0,0,0,1,1,0,0,0,-1
297,20,200,5,1000,S,1,764078,0,1,1,0,1,1,0,0,0,0,0,0,1,0,0,1,0,1,0,1
298,20,200,5,1000,S,1,46562,0,0,1,0,0,1,0,0,0,0,0,0,0,0,0,0,0,0,1,0
299,20,200,5,1000,S,1,71071,1,0,0,0,1,1,0,0,0,0,0,1,0,0,1,0,0,0,0,0
300,20,200,5,1000,S,1,12697,0,0,0,0,0,0,0,1,0,0,0,0,0,1,0,0,1,0,1,0
301,22,220,5,1100,S,1,447389,1,0,0,0,0,1,0,1,0,0,0,0,1,1,1,0,1,0,0,0,0,0
302,22,220,5,1100,S,1,21853,0,0,0,0,1,1,0,0,0,1,0,0,0,0,0,0,1,0,0,0,1,0
303,22,220,5,1100,S,1,1411,0,0,0,0,0,0,0,0,0,0,0,0,0,0,0,0,0,1,1,1,0,0
304,22,220,5,1100,S,1,398538,0,0,0,0,0,0,0,0,0,1,1,0,0,0,0,1,1,-1,0,0,0,0
305,22,220,5,1100,S,1,357846,0,0,1,1,1,0,0,0,1,1,0,0,0,0,0,0,0,1,0,0,0,0
306,22,220,5,1100,S,1,222116,0,0,1,0,1,0,1,0,0,1,1,0,0,0,0,0,0,0,0,1,0,0
307,22,220,5,1100,S,1,938893,0,0,0,0,1,0,0,0,0,0,1,0,0,0,0,1,0,0,1,0,0,0
308,22,220,5,1100,S,1,412823,1,1,1,0,0,1,0,0,0,0,0,1,0,1,0,1,1,0,0,0,1,0
309,22,220,5,1100,S,1,170953,0,0,0,1,0,0,0,0,1,1,0,0,1,1,0,0,0,0,0,1,0,0
310,22,220,5,1100,S,1,7128,0,0,0,1,0,1,0,0,0,0,0,0,1,0,0,0,1,0,1,0,0,0
311,24,240,5,1200,S,1,508784,0,1,0,1,1,1,0,0,0,0,0,0,1,0,1,1,0,0,1,0,0,0,0,0
312,24,240,5,1200,S,1,39706,0,0,1,0,0,0,0,1,0,0,0,0,0,1,0,0,1,0,0,0,0,0,1,0
313,24,240,5,1200,S,1,43908,1,0,0,0,0,0,0,1,0,0,1,0,0,0,1,0,0,1,0,0,0,0,0,0
314,24,240,5,1200,S,1,14415,0,0,0,0,1,0,1,0,0,1,0,0,1,1,1,0,0,0,0,0,0,0,0,0
315,24,240,5,1200,S,1,300152,0,0,1,1,1,0,1,-1,0,1,0,1,0,0,1,0,0,1,0,0,0,0,0,0
316,24,240,5,1200,S,1,8338,0,0,1,1,0,0,1,0,1,0,1,0,1,0,0,0,0,1,0,0,0,0,0,0
317,24,240,5,1200,S,1,31071,0,0,0,0,0,1,0,0,0,0,0,1,0,1,1,0,0,0,0,0,0,0,0,0
318,24,240,5,1200,S,1,2436977,1,1,0,0,0,0,0,1,0,1,0,1,0,0,0,1,-1,0,0,1,0,0,0,0
319,24,240,5,1200,S,1,1645,0,0,0,0,0,0,0,0,0,0,0,0,0,0,0,1,1,0,0,0,0,0,0,0
320,24,240,5,1200,S,1,2430120,0,0,0,0,0,1,0,0,1,0,0,0,0,1,1,1,0,0,1,0,0,0,1,0
321,4,40,6,240,S,1,30,-1,0,0,0
322,4,40,6,240,S,1,50,0,0,1,0
323,4,40,6,240,S,1,32,0,0,0,0
324,4,40,6,240,S,1,43,0,0,0,0
325,4,40,6,240,S,1,111,0,1,0,1
326,4,40,6,240,S,1,25,-1,0,0,0
327,4,40,6,240,S,1,41,0,0,0,0
328,4,40,6,240,S,1,31,0,0,0,0
329,4,40,6,240,S,1,44,0,0,0,0
330,4,40,6,240,S,1,60,0,1,0,0
331,8,80,6,480,S,1,95,0,0,0,0,0,1,0,0
332,8,80,6,480,S,1,289,0,0,0,0,0,1,0,0
333,8,80,6,480,S,1,106,0,0,0,1,0,0,0,0
334,8,80,6,480,S,1,192,0,1,0,1,0,0,0,0
335,8,80,6,480,S,1,98,0,1,0,0,0,0,0,0
336,8,80,6,480,S,1,97,0,0,0,0,0,-1,1,0
337,8,80,6,480,S,1,75,0,0,0,0,0,0,0,0
338,8,80,6,480,S,1,611,0,1,0,0,0,0,1,1
339,8,80,6,480,S,1,100,0,0,0,0,0,1,0,1
340,8,80,6,480,S,1,157,0,0,0,1,0,0,0,0
341,12,120,6,720,S,1,625,0,0,0,0,1,0,0,0,0,0,0,0
342,12,120,6,720,S,1,395,0,0,0,0,0,1,0,-1,0,0,1,0
343,12,120,6,720,S,1,290,0,0,0,1,0,1,0,0,0,0,0,1
344,12,120,6,720,S,1,458,0,0,0,0,0,0,1,1,0,0,0,1
345,12,120,6,720,S,1,365,0,0,1,0,0,1,0,0,0,0,0,0
346,12,120,6,720,S,1,127,0,0,0,0,0,0,0,0,0,1,0,0
347,12,120,6,720,S,1,147,0,0,0,0,-1,0,0,0,0,-1,0,0
348,12,120,6,720,S,1,180,0,0,0,0,0,0,0,0,0,0,1,0
349,12,120,6,720,S,1,1117,1,0,0,0,0,1,0,0,0,1,1,0
350,12,120,6,720,S,1,105,0,0,0,0,0,0,0,-1,0,0,0,0
351,16,160,6,960,S,1,3652,-1,0,0,0,0,0,1,1,0,0,1,0,0,0,0,0
352,16,160,6,960,S,1,10506,0,1,0,1,0,0,0,1,1,0,1,0,0,0,0,0
353,16,160,6,960,S,1,2169,0,0,0,0,0,0,0,0,0,0,0,0,0,1,0,1
354,16,160,6,960,S,1,5022,0,0,0,0,0,0,0,1,0,0,-1,0,1,0,0,1
355,16,160,6,960,S,1,311,0,0,1,0,0,1,0,0,0,0,0,0,0,0,0,0
356,16,160,6,960,S,1,327,0,0,0,0,0,1,0,0,0,0,0,1,0,0,0,0
357,16,160,6,960,S,1,10748,1,0,0,0,0,0,0,0,-1,1,0,0,0,0,0,1
358,16,160,6,960,S,1,4696,0,0,0,1,1,1,1,0,0,0,0,0,0,0,0,0
359,16,160,6,960,S,1,1635,0,0,0,1,0,0,1,0,0,1,0,0,0,0,0,0
360,16,160,6,960,S,1,760,0,0,0,1,0,0,0,0,0,0,0,0,0,0,0,1
361,18,180,6,1080,S,1,14131,0,0,0,1,0,0,0,0,0,1,0,0,0,0,0,0,0,0
362,18,180,6,1080,S,1,2002,1,0,0,0,0,0,0,0,0,0,0,0,0,0,0,0,0,0
363,18,180,6,1080,S,1,2287,0,1,0,0,0,0,1,0,0,0,0,0,0,0,0,1,0,1
364,18,180,6,1080,S,1,164,0,0,0,0,0,0,0,0,-1,0,0,0,0,0,1,0,0,0
365,18,180,6,1080,S,1,246,1,0,0,1,0,0,0,0,0,0,0,0,0,0,0,1,0,0
366,18,180,6,1080,S,1,4077,0,0,0,0,0,0,0,0,0,0,0,1,0,0,0,0,1,1
367,18,180,6,1080,S,1,358,0,0,0,0,0,0,0,0,0,1,0,0,0,0,0,0,0,1
368,18,180,6,1080,S,1,303,0,0,0,0,0,0,0,0,0,1,0,0,0,0,0,0,0,0
369,18,180,6,1080,S,1,1925,0,0,1,0,0,1,0,0,0,0,0,0,0,1,0,-1,0,0
370,18,180,6,1080,S,1,2213,0,0,0,0,1,0,0,0,0,0,0,-1,1,0,1,0,0,0
371,20,200,6,1200,S,1,892,1,0,0,0,1,0,1,0,0,0,0,1,0,0,0,0,0,0,0,0
372,20,200,6,1200,S,1,4365,1,0,0,0,1,1,0,0,0,0,0,1,0,1,1,0,0,1,0,0
373,20,200,6,1200,S,1,1030,0,0,0,0,0,0,1,0,0,0,0,0,1,0,1,0,0,0,0,0
374,20,200,6,1200,S,1,743,0,1,1,0,0,0,0,0,0,0,0,0,0,0,0,0,0,0,0,0
375,20,200,6,1200,S,1,3725,0,0,0,0,0,0,0,0,0,1,0,0,0,0,0,0,1,0,0,0
376,20,200,6,1200,S,1,547,1,0,0,0,0,0,0,0,0,0,0,0,0,0,1,0,0,0,0,0
377,20,200,6,1200,S,1,5330,0,0,1,0,0,0,0,0,0,0,0,0,0,1,0,0,0,1,0,0
378,20,200,6,1200,S,1,810,0,0,0,0,0,0,0,0,0,0,0,0,0,0,0,1,1,0,0,0
379,20,200,6,1200,S,1,10659,1,0,0,0,0,0,0,0,0,0,0,1,0,0,0,0,1,1,-1,0
380,20,200,6,1200,S,1,9326,0,0,1,0,0,0,0,0,0,0,0,0,0,0,0,1,0,0,0,0
381,22,220,6,1320,S,1,1736,0,0,0,1,0,0,1,0,0,0,0,0,0,0,0,0,0,0,1,0,0,0
382,22,220,6,1320,S,1,41102,0,1,1,0,1,1,0,0,0,0,0,0,0,0,0,0,0,0,0,0,1,0
383,22,220,6,1320,S,1,9544,0,0,0,0,0,0,0,0,1,0,0,0,0,1,0,0,1,0,0,1,0,1
384,22,220,6,1320,S,1,19856,0,0,0,0,0,1,0,0,0,0,1,0,1,0,0,0,0,0,0,0,0,0
385,22,220,6,1320,S,1,333,0,0,0,0,0,0,0,0,0,0,0,0,0,0,0,0,0,0,0,0,0,0
386,22,220,6,1320,S,1,1623,0,0,0,1,0,0,0,1,0,1,1,0,1,0,0,-1,0,0,0,1,0,0
387,22,220,6,1320,S,1,81389,1,0,0,0,0,0,0,0,0,1,1,1,1,0,0,0,0,0,0,0,0,1
388,22,220,6,1320,S,1,1964,0,0,0,0,0,1,0,0,0,0,0,0,0,0,0,0,1,0,0,0,0,0
389,22,220,6,1320,S,1,5058,0,0,-1,0,0,0,0,0,0,0,0,1,0,0,0,0,0,1,0,0,0,0
390,22,220,6,1320,S,1,2984,0,0,-1,0,0,0,0,0,0,1,0,0,0,1,0,1,0,0,0,0,0,1
391,24,240,6,1440,S,1,5014,0,0,0,0,0,1,0,0,0,0,0,0,0,0,1,0,0,0,0,0,0,0,0,0
392,24,240,6,1440,S,1,2521,0,0,1,0,1,1,0,1,0,0,0,0,0,0,0,0,0,0,-1,0,0,0,0,0
393,24,240,6,1440,S,1,596,0,0,1,0,0,0,0,0,0,0,0,0,0,0,0,1,0,0,0,0,0,0,0,0
394,24,240,6,1440,S,1,297,0,0,0,0,0,1,0,0,0,0,0,0,0,0,0,0,0,0,0,-1,0,0,0,0
395,24,240,6,1440,S,1,1935,0,0,1,0,0,0,0,0,0,0,0,1,0,0,0,0,0,0,1,0,0,0,0,0
396,24,240,6,1440,S,1,536,0,0,0,0,0,0,0,0,0,0,0,0,0,0,-1,-1,1,0,0,1,0,0,0,0
397,24,240,6,1440,S,1,42847,0,0,0,0,0,0,1,1,0,0,0,0,0,0,0,0,1,0,0,0,0,0,1,0
398,24,240,6,1440,S,1,49839,1,0,1,0,0,0,0,1,0,1,0,0,1,0,0,0,0,0,0,0,0,1,0,0
399,24,240,6,1440,S,1,56175,0,0,0,0,1,0,0,0,0,0,0,0,0,0,0,0,0,0,0,0,0,0,1,-1
400,24,240,6,1440,S,1,4061,0,0,0,0,0,1,0,0,0,0,1,0,1,0,1,0,0,0,0,1,0,0,0,0
kSAT,The SenSATional Duo,400,257,143,400,400